DATES,price,true_1d_log_return,prediction_1,prediction_2
2023-06-03 00:00:00+00:00,272.19526062278004,0.0005999700019995,0,1
2023-06-04 00:00:00+00:00,270.7294407805243,0.0004999750016664,1,1
2023-06-05 00:00:00+00:00,270.8648325765661,-0.0494975251649821,0,0
2023-06-06 00:00:00+00:00,257.7840962932063,0.0520973951736479,1,1
2023-06-07 00:00:00+00:00,271.5699621566246,-0.0286985650956562,0,0
2023-06-08 00:00:00+00:00,263.88706527821677,0.0058997050196645,1,1
2023-06-09 00:00:00+00:00,265.448522661773,-0.0059997000199977,0,0
2023-06-10 00:00:00+00:00,263.86067921029576,-0.0209989500699924,0,0
2023-06-11 00:00:00+00:00,258.37765236520823,0.003399830011332,1,1
2023-06-12 00:00:00+00:00,259.25758742921045,0.0001999900006665,0,0
2023-06-13 00:00:00+00:00,259.30944153927214,0.0011999400039995,0,0
2023-06-14 00:00:00+00:00,259.62078407041156,-0.0345982701153208,0,0
2023-06-15 00:00:00+00:00,250.79196566431105,0.0161991900539942,1,1
2023-06-16 00:00:00+00:00,254.887676414702,0.0304984751016555,1,1
2023-06-17 00:00:00+00:00,262.7811190132557,0.007099645023664,1,1
2023-06-18 00:00:00+00:00,264.6534101138789,-0.0038998050129984,0,0
2023-06-19 00:00:00+00:00,263.6233232927882,0.0220988950736586,1,1
2023-06-20 00:00:00+00:00,269.513955962109,0.0657967102193098,1,1
2023-06-21 00:00:00+00:00,287.84348682029616,0.0469976501566495,1,1
2023-06-22 00:00:00+00:00,301.69438477120536,-0.0064996750216642,0,0
2023-06-23 00:00:00+00:00,299.73982818661227,0.0179991000599934,1,1
2023-06-24 00:00:00+00:00,305.1837209618831,-0.000699965002333,0,0
2023-06-25 00:00:00+00:00,304.9701777830227,-0.009799510032663,0,0
2023-06-26 00:00:00+00:00,301.99621495465937,0.0011999400039995,0,0
2023-06-27 00:00:00+00:00,302.3588097965609,0.0083995800279969,1,1
2023-06-28 00:00:00+00:00,304.9091928953517,-0.012799360042662,0,0
2023-06-29 00:00:00+00:00,301.0314198012543,0.0101994900339962,1,1
2023-06-30 00:00:00+00:00,304.1174982269321,0.0017999100059994,1,1
2023-07-01 00:00:00+00:00,304.6653752717658,0.0028998550096656,1,1
2023-07-02 00:00:00+00:00,305.5501429154487,0.0041997900139983,0,1
2023-07-03 00:00:00+00:00,306.8360878135622,0.017499125058327,1,1
2023-07-04 00:00:00+00:00,312.2527057014517,-0.0139993000466615,0,0
2023-07-05 00:00:00+00:00,307.91184180548186,-0.0104994750349963,0,0
2023-07-06 00:00:00+00:00,304.695841809293,-0.0151992400506611,0,0
2023-07-07 00:00:00+00:00,300.09971387468033,0.0075996200253307,1,1
2023-07-08 00:00:00+00:00,302.38904567754054,0.0014999250049995,0,0
2023-07-09 00:00:00+00:00,302.8429468921831,-0.0059997000199978,1,0
2023-07-10 00:00:00+00:00,301.0314198012543,0.0120993950403288,1,1
2023-07-11 00:00:00+00:00,304.695841809293,0.0018999050063326,1,1
2023-07-12 00:00:00+00:00,305.2752852339885,-0.0060996950203311,0,0
2023-07-13 00:00:00+00:00,303.41886664628953,0.0358982051196537,1,1
2023-07-14 00:00:00+00:00,314.508925016579,-0.0368981551229867,0,0
2023-07-15 00:00:00+00:00,303.1156145932895,0.0021998900073324,1,0
2023-07-16 00:00:00+00:00,303.7831696094842,-0.0044997750149983,0,1
2023-07-17 00:00:00+00:00,302.4192845821083,-0.0020998950069992,0,0
2023-07-18 00:00:00+00:00,301.78490213776996,-0.0057997100193313,0,0
2023-07-19 00:00:00+00:00,300.03970293369656,-0.0026998650089988,1,1
2023-07-20 00:00:00+00:00,299.23072879032947,-0.0046997650156649,0,0
2023-07-21 00:00:00+00:00,297.82771418149315,0.0032998350109987,1,1
2023-07-22 00:00:00+00:00,298.81211979479025,-0.0036998150123319,1,0
2023-07-23 00:00:00+00:00,297.7086128726365,0.0055997200186644,1,1
2023-07-24 00:00:00+00:00,299.3803740807899,-0.0282985850943229,0,0
2023-07-25 00:00:00+00:00,291.02708368126554,0.0030998450103322,1,1
2023-07-26 00:00:00+00:00,291.93062222569944,0.0071996400239974,1,1
2023-07-27 00:00:00+00:00,294.04000189324506,-0.0077996100259971,0,0
2023-07-28 00:00:00+00:00,291.7555251414503,0.004399780014665,1,1
2023-07-29 00:00:00+00:00,293.0420133273143,0.0025998700086655,1,1
2023-07-30 00:00:00+00:00,293.80487571085604,0.0004999750016667,0,0
2023-07-31 00:00:00+00:00,293.95180753213725,-0.005399730017998,0,0
2023-08-01 00:00:00+00:00,292.36882481905957,0.0218989050729921,1,0
2023-08-02 00:00:00+00:00,298.84200100676975,-0.0246987650823245,0,0
2023-08-03 00:00:00+00:00,291.55137794089694,0.0019999000066658,1,1
2023-08-04 00:00:00+00:00,292.13503497690664,-0.0064996750216641,0,0
2023-08-05 00:00:00+00:00,290.24240957508664,-9.999500033343598e-05,1,1
2023-08-06 00:00:00+00:00,290.213388236263,0.0015999200053326,1,1
2023-08-07 00:00:00+00:00,290.67807807607915,0.0015999200053328,1,1
2023-08-08 00:00:00+00:00,291.14351197752717,0.023198840077325,1,1
2023-08-09 00:00:00+00:00,297.9766578243337,-0.0078996050263303,0,0
2023-08-10 00:00:00+00:00,295.63203291857207,-0.0047997600159983,0,0
2023-08-11 00:00:00+00:00,294.2164700062625,-0.0017999100059993,0,0
2023-08-12 00:00:00+00:00,293.68738313518423,0.0001999900006665,1,0
2023-08-13 00:00:00+00:00,293.7461235486851,-0.0029998500099989,1,0
2023-08-14 00:00:00+00:00,292.86624964173404,0.005999700019998,0,1
2023-08-15 00:00:00+00:00,294.6286409083832,-0.011399430037996,0,0
2023-08-16 00:00:00+00:00,291.2891128507787,-0.0206989650689925,0,0
2023-08-17 00:00:00+00:00,285.32170234815857,-0.0671966402239758,0,0
2023-08-18 00:00:00+00:00,266.77902222839424,-0.0203989800679925,0,0
2023-08-19 00:00:00+00:00,261.3921325958767,0.0001999900006665,1,1
2023-08-20 00:00:00+00:00,261.4444136363172,0.0037998100126653,1,1
2023-08-21 00:00:00+00:00,262.4397425698392,-0.0029998500099988,0,0
2023-08-22 00:00:00+00:00,261.6536423863048,-0.0037998100126652,0,0
2023-08-23 00:00:00+00:00,260.6612948162366,0.0147992600493279,1,1
2023-08-24 00:00:00+00:00,264.54757520988227,-0.0119994000399957,0,0
2023-08-25 00:00:00+00:00,261.3921325958767,-0.0047997600159983,0,0
2023-08-26 00:00:00+00:00,260.14051921413557,0.0006999650023331,1,0
2023-08-27 00:00:00+00:00,260.3226722162003,0.001699915005666,1,1
2023-08-28 00:00:00+00:00,260.7655749748834,0.0007999600026664,0,0
2023-08-29 00:00:00+00:00,260.974260463829,0.0547972601826469,1,1
2023-08-30 00:00:00+00:00,275.6740098005834,-0.0126993650423287,0,0
2023-08-31 00:00:00+00:00,272.19526062278004,-0.0449977501499837,0,0
2023-09-01 00:00:00+00:00,260.21856917437555,-0.008699565028997,0,0
2023-09-02 00:00:00+00:00,257.96459930429506,0.0005999700019998,1,1
2023-09-03 00:00:00+00:00,258.1194167637272,0.0057997100193311,1,1
2023-09-04 00:00:00+00:00,259.62078407041156,-0.0075996200253305,0,0
2023-09-05 00:00:00+00:00,257.6552429036535,-0.0008999550029996,1,1
2023-09-06 00:00:00+00:00,257.4234690873992,-0.0010999450036663,0,0
2023-09-07 00:00:00+00:00,257.14047309729534,0.0223988800746585,1,1
2023-09-08 00:00:00+00:00,262.9651209897982,-0.0169991500566604,0,0
2023-09-09 00:00:00+00:00,258.5327177184431,0.0010999450036663,1,0
2023-09-10 00:00:00+00:00,258.81724594359457,-0.0047997600159983,0,1
2023-09-11 00:00:00+00:00,257.57796178752085,-0.023198840077325,0,0
2023-09-12 00:00:00+00:00,251.67123139907912,0.0321983901073216,1,1
2023-09-13 00:00:00+00:00,259.9065097671662,0.0089995500299968,1,1
2023-09-14 00:00:00+00:00,262.25610821112883,0.0118994050396623,1,1
2023-09-15 00:00:00+00:00,265.39544091963467,0.0049997500166647,0,0
2023-09-16 00:00:00+00:00,266.7256744262523,-0.0064996750216642,0,0
2023-09-17 00:00:00+00:00,264.99766605239665,-0.0013999300046662,0,0
2023-09-18 00:00:00+00:00,264.626947419137,0.0101994900339962,1,1
2023-09-19 00:00:00+00:00,267.3398187659963,0.0193990300646597,1,1
2023-09-20 00:00:00+00:00,272.57658178444535,-0.0079996000266636,0,0
2023-09-21 00:00:00+00:00,270.404776522043,-0.0183990800613268,0,0
2023-09-22 00:00:00+00:00,265.47506751403915,-0.0004999750016665,0,0
2023-09-23 00:00:00+00:00,265.3423697922525,0.0,1,1
2023-09-24 00:00:00+00:00,265.3423697922525,-0.0113994300379957,0,0
2023-09-25 00:00:00+00:00,262.3347929115377,0.0027998600093322,0,0
2023-09-26 00:00:00+00:00,263.0703228171533,-0.0048997550163314,0,0
2023-09-27 00:00:00+00:00,261.78449537547885,0.0087995600293299,1,1
2023-09-28 00:00:00+00:00,264.0982488335971,0.0234988250783249,1,1
2023-09-29 00:00:00+00:00,270.37773874816816,-0.0058997050196645,0,0
2023-09-30 00:00:00+00:00,268.78728605969906,0.0055997200186646,1,1
2023-10-01 00:00:00+00:00,270.29664164650467,0.0318984051063217,1,1
2023-10-02 00:00:00+00:00,279.05766185151595,-0.0148992550496611,0,0
2023-10-03 00:00:00+00:00,274.93073101532116,-0.0067996600226642,0,0
2023-10-04 00:00:00+00:00,273.0676368963334,0.0169991500566605,1,1
2023-10-05 00:00:00+00:00,277.74923347630147,-0.0115994200386625,0,0
2023-10-06 00:00:00+00:00,274.5461165152715,0.017799110059327,1,1
2023-10-07 00:00:00+00:00,279.4765414818475,-0.0003999800013331,0,0
2023-10-08 00:00:00+00:00,279.36477880732036,-0.0001999900006665,0,0
2023-10-09 00:00:00+00:00,279.30891423138496,-0.0139993000466617,0,0
2023-10-10 00:00:00+00:00,275.4260271995947,-0.0054997250183313,0,0
2023-10-11 00:00:00+00:00,273.91541756352217,-0.0216989150723255,0,0
2023-10-12 00:00:00+00:00,268.0357718446822,-0.0010999450036661,0,1
2023-10-13 00:00:00+00:00,267.74110932263113,0.0022998850076656,1,1
2023-10-14 00:00:00+00:00,268.35759173348634,0.0021998900073324,1,0
2023-10-15 00:00:00+00:00,268.9485987548039,0.0101994900339964,1,1
2023-10-16 00:00:00+00:00,271.705774297415,0.0428978551429844,1,1
2023-10-17 00:00:00+00:00,283.6149827473299,0.0019999000066658,1,1
2023-10-18 00:00:00+00:00,284.18275190475026,-0.0069996500233308,0,0
2023-10-19 00:00:00+00:00,282.2005176650283,0.0169991500566605,1,1
2023-10-20 00:00:00+00:00,287.03869253401643,0.0318984051063219,1,1
2023-10-21 00:00:00+00:00,296.3423663406609,0.0118994050396623,1,1
2023-10-22 00:00:00+00:00,299.8897280776859,0.0132993350443284,0,0
2023-10-23 00:00:00+00:00,303.9047011055333,0.1142942853809587,1,1
2023-10-24 00:00:00+00:00,340.7020884185784,0.0058997050196645,1,1
2023-10-25 00:00:00+00:00,342.71807124438817,0.0121993900406622,1,1
2023-10-26 00:00:00+00:00,346.9246292202256,-0.0233988300779916,0,0
2023-10-27 00:00:00+00:00,338.9012338710255,-0.0018999050063325,0,1
2023-10-28 00:00:00+00:00,338.2579649885242,0.0054997250183313,1,1
2023-10-29 00:00:00+00:00,340.1234158124869,0.0092995350309964,1,1
2023-10-30 00:00:00+00:00,343.3011582952103,0.0014999250049993,0,0
2023-10-31 00:00:00+00:00,343.81647065511817,0.0046997650156648,1,1
2023-11-01 00:00:00+00:00,345.43613030436666,0.0366981651223201,1,1
2023-11-02 00:00:00+00:00,358.3484831664131,-0.0361981901206535,0,0
2023-11-03 00:00:00+00:00,345.6088829165864,0.007099645023664,1,1
2023-11-04 00:00:00+00:00,348.0713141529357,0.0072996350243306,1,1
2023-11-05 00:00:00+00:00,350.6214037469687,-0.001999900006666,0,0
2023-11-06 00:00:00+00:00,349.92089670477606,-0.0011999400039995,0,1
2023-11-07 00:00:00+00:00,349.50126443970635,0.0123993800413288,1,1
2023-11-08 00:00:00+00:00,353.8618418025789,0.02819859009399,1,1
2023-11-09 00:00:00+00:00,363.9822670869248,0.0119994000399953,1,1
2023-11-10 00:00:00+00:00,368.376145146308,0.0036998150123322,1,1
2023-11-11 00:00:00+00:00,369.7415931331931,-0.0035998200119986,0,0
2023-11-12 00:00:00+00:00,368.4129827608227,0.0102994850343297,1,1
2023-11-13 00:00:00+00:00,372.22705453465613,-0.0247987600826579,0,0
2023-11-14 00:00:00+00:00,363.109800647002,-0.0260986950869904,0,0
2023-11-15 00:00:00+00:00,353.7557044782106,0.0563971801879795,1,1
2023-11-16 00:00:00+00:00,374.279840684441,-0.0267986600893236,0,0
2023-11-17 00:00:00+00:00,364.3828478310363,-0.0044997750149985,0,0
2023-11-18 00:00:00+00:00,362.7468904768872,0.0051997400173315,1,1
2023-11-19 00:00:00+00:00,364.6379923576707,0.0199990000666595,1,1
2023-11-20 00:00:00+00:00,372.0037964487768,0.006699665022331,1,1
2023-11-21 00:00:00+00:00,374.504464738314,-0.0351982401173208,0,0
2023-11-22 00:00:00+00:00,361.551858376326,0.0322983851076549,1,1
2023-11-23 00:00:00+00:00,373.4200292029428,-0.0012999350043328,0,0
2023-11-24 00:00:00+00:00,372.93492280736746,0.0098995050329964,1,1
2023-11-25 00:00:00+00:00,376.64512825138894,0.0007999600026664,0,0
2023-11-26 00:00:00+00:00,376.9465498357207,-0.0099995000333296,0,0
2023-11-27 00:00:00+00:00,373.1960555827204,-0.003399830011332,0,0
2023-11-28 00:00:00+00:00,371.9294068481131,0.0192990350643263,1,1
2023-11-29 00:00:00+00:00,379.17699630654903,-0.0048997550163317,0,0
2023-11-30 00:00:00+00:00,377.3236660567453,0.0058997050196645,1,0
2023-12-01 00:00:00+00:00,379.55634397801305,0.0198990050663262,1,1
2023-12-02 00:00:00+00:00,387.1847850656336,0.0201989900673261,1,1
2023-12-03 00:00:00+00:00,395.0850467403995,0.0267986600893236,1,1
2023-12-04 00:00:00+00:00,405.8159412030553,0.0281985900939898,1,1
2023-12-05 00:00:00+00:00,417.42225029595073,0.0459977001533167,1,1
2023-12-06 00:00:00+00:00,437.07115165115744,0.000299985001,1,1
2023-12-07 00:00:00+00:00,437.2022861092244,-0.0082995850276637,0,0
2023-12-08 00:00:00+00:00,433.5887049164232,0.0185990700619933,1,1
2023-12-09 00:00:00+00:00,441.72851340558225,-0.0116994150389957,0,0
2023-12-10 00:00:00+00:00,436.5906617263427,-0.0428978551429846,0,0
2023-12-11 00:00:00+00:00,418.25788837488176,-0.0020998950069992,0,0
2023-12-12 00:00:00+00:00,417.3805122447263,-0.0220988950736586,0,0
2023-12-13 00:00:00+00:00,408.25803369926535,0.0458977051529833,1,1
2023-12-14 00:00:00+00:00,427.4328137433488,0.0042997850143319,1,1
2023-12-15 00:00:00+00:00,429.2746398409805,-0.0230988450769916,0,0
2023-12-16 00:00:00+00:00,419.4725359075038,-0.0023998800079992,0,0
2023-12-17 00:00:00+00:00,418.4670591490408,-0.0252987350843241,0,0
2023-12-18 00:00:00+00:00,408.01316459037554,0.0536973151789806,1,1
2023-12-19 00:00:00+00:00,430.5212807211466,-0.0186990650623266,0,0
2023-12-20 00:00:00+00:00,422.54573529310545,0.0269986500899904,1,1
2023-12-21 00:00:00+00:00,434.1092976262791,0.0146992650489947,1,1
2023-12-22 00:00:00+00:00,440.5375145403018,-0.0099995000333297,0,0
2023-12-23 00:00:00+00:00,436.1543110934616,0.0041997900139985,0,1
2023-12-24 00:00:00+00:00,437.9899195006096,-0.0186990650623266,0,0
2023-12-25 00:00:00+00:00,429.87601513297903,0.013099345043662,1,1
2023-12-26 00:00:00+00:00,435.5441527758149,-0.0282985850943232,0,0
2023-12-27 00:00:00+00:00,423.3916300824956,0.02699865008999,1,1
2023-12-28 00:00:00+00:00,434.978341524292,-0.0232988350776581,0,0
2023-12-29 00:00:00+00:00,424.9610021946081,-0.0119994000399957,0,0
2023-12-30 00:00:00+00:00,419.89219725639794,0.0027998600093322,1,1
2023-12-31 00:00:00+00:00,421.0694839776483,0.0107994600359962,1,1
2024-01-01 00:00:00+00:00,425.6414499893775,0.0620968952069776,1,1
2024-01-02 00:00:00+00:00,452.91035786095864,-9.99950003332139e-05,1,0
2024-01-03 00:00:00+00:00,452.8650713538233,-0.0510974451703148,0,0
2024-01-04 00:00:00+00:00,430.3060846439129,0.0103994800346631,1,1
2024-01-05 00:00:00+00:00,434.8043936768185,0.0111994400373291,1,1
2024-01-06 00:00:00+00:00,439.70132969836015,9.999500033329732e-05,1,0
2024-01-07 00:00:00+00:00,439.74529983133,-0.0143992800479948,0,0
2024-01-08 00:00:00+00:00,433.45865431593535,0.0735963202453067,1,1
2024-01-09 00:00:00+00:00,466.5628488722137,-0.0174991250583269,0,0
2024-01-10 00:00:00+00:00,458.469427656379,0.0176991150589936,1,1
2024-01-11 00:00:00+00:00,466.6561661076166,-0.0118994050396623,0,0
2024-01-12 00:00:00+00:00,461.13614300243006,-0.0793960302646381,0,0
2024-01-13 00:00:00+00:00,425.9394884039735,0.003399830011332,1,1
2024-01-14 00:00:00+00:00,427.3900747358752,-0.0119994000399956,0,0
2024-01-15 00:00:00+00:00,422.2922965628768,0.0078996050263305,1,1
2024-01-16 00:00:00+00:00,425.6414499893775,0.0129993500433287,1,1
2024-01-17 00:00:00+00:00,431.2106316370075,-0.0137993100459951,0,0
2024-01-18 00:00:00+00:00,425.3010900092451,-0.0334983251116545,0,0
2024-01-19 00:00:00+00:00,411.2901967100896,0.0087995600293301,1,1
2024-01-20 00:00:00+00:00,414.9253398592788,0.0029998500099989,1,1
2024-01-21 00:00:00+00:00,416.17192248981945,-0.0089995500299967,0,0
2024-01-22 00:00:00+00:00,412.4433652860505,-0.0331983401106546,0,0
2024-01-23 00:00:00+00:00,398.9757188245663,-0.0057997100193312,0,0
2024-01-24 00:00:00+00:00,396.668472497779,0.006699665022331,1,1
2024-01-25 00:00:00+00:00,399.33494063628615,0.0026998650089989,1,1
2024-01-26 00:00:00+00:00,400.4145478104015,0.0422978851409847,1,1
2024-01-27 00:00:00+00:00,417.7145335444417,0.0056997150189978,1,1
2024-01-28 00:00:00+00:00,420.102185348445,0.0013999300046661,0,0
2024-01-29 00:00:00+00:00,420.69071085388066,0.0350982451169874,1,1
2024-01-30 00:00:00+00:00,435.71839657131653,-0.0191990400639931,0,0
2024-01-31 00:00:00+00:00,427.4328137433488,-0.0194990250649929,0,0
2024-02-01 00:00:00+00:00,419.17902254945176,0.0273986300913234,1,1
2024-02-02 00:00:00+00:00,430.82273604219006,0.0012999350043328,1,1
2024-02-03 00:00:00+00:00,431.3831417640251,-0.0040997950136651,0,0
2024-02-04 00:00:00+00:00,429.6181797737948,-0.0153992300513276,0,0
2024-02-05 00:00:00+00:00,423.0530691486234,0.0089995500299968,0,0
2024-02-06 00:00:00+00:00,426.8775398549389,0.0083995800279967,1,1
2024-02-07 00:00:00+00:00,430.4782328978568,0.0331983401106548,1,1
2024-02-08 00:00:00+00:00,445.0092641774371,0.0337983101126545,1,1
2024-02-09 00:00:00+00:00,460.30688596241095,0.0242987850809912,1,1
2024-02-10 00:00:00+00:00,471.6287811436023,0.0106994650356627,1,1
2024-02-11 00:00:00+00:00,476.702049025147,0.0072996350243306,1,1
2024-02-12 00:00:00+00:00,480.1945314137966,0.0391980401306526,1,1
2024-02-13 00:00:00+00:00,499.3909898387743,-0.0095995200319964,0,0
2024-02-14 00:00:00+00:00,494.6200122130517,0.0485975701619825,1,1
2024-02-15 00:00:00+00:00,519.2509985622545,0.0017999100059994,1,1
2024-02-16 00:00:00+00:00,520.186445237562,0.000299985001,0,0
2024-02-17 00:00:00+00:00,520.3425167772468,-0.0118994050396625,0,0
2024-02-18 00:00:00+00:00,514.1874438909732,0.0140992950469949,1,1
2024-02-19 00:00:00+00:00,521.4884731070786,-0.0098995050329964,0,0
2024-02-20 00:00:00+00:00,516.3514642178385,0.0115994200386626,1,1
2024-02-21 00:00:00+00:00,522.3757130904203,-0.0179991000599933,0,0
2024-02-22 00:00:00+00:00,513.0575313685811,-0.0035998200119987,1,1
2024-02-23 00:00:00+00:00,511.2139368948765,-0.0081995900273303,0,0
2024-02-24 00:00:00+00:00,507.0393306154348,0.0207989600693258,1,1
2024-02-25 00:00:00+00:00,517.6956575103496,-0.0030998450103323,1,0
2024-02-26 00:00:00+00:00,516.0933659203806,0.0850957452836359,1,1
2024-02-27 00:00:00+00:00,561.9334553898263,0.0117994100393293,1,1
2024-02-28 00:00:00+00:00,568.6032108510849,0.0783960802613049,1,1
2024-02-29 00:00:00+00:00,614.9733456150876,-0.0064996750216642,0,0
2024-03-01 00:00:00+00:00,610.9891806365688,0.0190990450636597,1,1
2024-03-02 00:00:00+00:00,622.7706397116675,-0.0063996800213308,0,0
2024-03-03 00:00:00+00:00,618.7978327965042,0.0292985350976561,1,1
2024-03-04 00:00:00+00:00,637.1959050387228,0.0650967452169766,1,1
2024-03-05 00:00:00+00:00,680.0551492632655,-0.077996100259972,0,0
2024-03-06 00:00:00+00:00,629.0292742021337,0.0520973951736479,1,1
2024-03-07 00:00:00+00:00,662.6687163671411,0.0173991300579937,1,1
2024-03-08 00:00:00+00:00,674.2994645860879,0.0118994050396623,1,1
2024-03-09 00:00:00+00:00,682.3711559527534,0.0140992950469949,1,1
2024-03-10 00:00:00+00:00,692.0602524194788,-0.0129993500433285,0,0
2024-03-11 00:00:00+00:00,683.1221396410509,0.0568971551896461,1,1
2024-03-12 00:00:00+00:00,723.1168497011791,-0.0072996350243307,0,0
2024-03-13 00:00:00+00:00,717.8575793486376,0.0148992550496613,1,1
2024-03-14 00:00:00+00:00,728.6331975171463,-0.0600969952003117,0,0
2024-03-15 00:00:00+00:00,686.1343484474627,0.007399630024664,1,1
2024-03-16 00:00:00+00:00,691.230319671757,-0.0419979001399849,0,0
2024-03-17 00:00:00+00:00,662.8012567371017,0.021198940070659,1,1
2024-03-18 00:00:00+00:00,677.0019286485013,-0.0314984251049887,0,0
2024-03-19 00:00:00+00:00,656.0097795078533,-0.0424978751416514,0,0
2024-03-20 00:00:00+00:00,628.7148538974121,0.0763961802546391,1,1
2024-03-21 00:00:00+00:00,678.6286031735522,-0.0354982251183206,0,0
2024-03-22 00:00:00+00:00,654.9610554988911,-0.0245987700819911,0,0
2024-03-23 00:00:00+00:00,639.0463625085373,0.0077996100259972,1,1
2024-03-24 00:00:00+00:00,644.0501634057508,0.0352982351176538,1,1
2024-03-25 00:00:00+00:00,667.1899924961373,0.0515974201719815,1,1
2024-03-26 00:00:00+00:00,702.5188768780322,0.0017999100059992,1,1
2024-03-27 00:00:00+00:00,703.7844862837645,-0.0196990150656594,0,0
2024-03-28 00:00:00+00:00,690.0562850412368,0.0260986950869905,1,1
2024-03-29 00:00:00+00:00,708.3029246584709,-0.0129993500433285,0,0
2024-03-30 00:00:00+00:00,699.1550341391778,-0.0007999600026663,1,0
2024-03-31 00:00:00+00:00,698.5959617238033,0.0182990850609934,1,1
2024-04-01 00:00:00+00:00,711.4973100797683,-0.0261986900873238,0,0
2024-04-02 00:00:00+00:00,693.0990697763549,-0.0536973151789805,0,0
2024-04-03 00:00:00+00:00,656.8631040965072,0.008099595026997,1,1
2024-04-04 00:00:00+00:00,662.2050337572745,0.0290985450969896,1,1
2024-04-05 00:00:00+00:00,681.7573288668588,-0.0055997200186646,0,0
2024-04-06 00:00:00+00:00,677.9503476668607,0.0241987900806578,1,1
2024-04-07 00:00:00+00:00,694.5560342531684,0.0025998700086657,1,0
2024-04-08 00:00:00+00:00,696.3641390562223,0.0222988850743253,1,1
2024-04-09 00:00:00+00:00,712.0667071869278,-0.0321983901073217,0,0
2024-04-10 00:00:00+00:00,689.5044883506825,0.0227988600759917,1,1
2024-04-11 00:00:00+00:00,705.4049724239931,-0.0052997350176647,0,0
2024-04-12 00:00:00+00:00,701.6764019348816,-0.0616969152056444,0,0
2024-04-13 00:00:00+00:00,659.6935550324121,-0.0327983601093215,0,0
2024-04-14 00:00:00+00:00,638.4076674809837,0.0227988600759917,1,1
2024-04-15 00:00:00+00:00,653.1298210282974,-0.030598470101989,0,0
2024-04-16 00:00:00+00:00,633.4477046693341,0.0090995450303301,1,1
2024-04-17 00:00:00+00:00,639.2380955893198,-0.0388980551296525,0,0
2024-04-18 00:00:00+00:00,614.8503693927055,-0.0060996950203312,1,1
2024-04-19 00:00:00+00:00,611.1113845825879,0.0398980051329858,1,1
2024-04-20 00:00:00+00:00,635.9864426443643,0.0219989000733253,1,1
2024-04-21 00:00:00+00:00,650.132472902224,-0.0010999450036662,0,0
2024-04-22 00:00:00+00:00,649.4177560835909,0.0320983951069884,1,1
2024-04-23 00:00:00+00:00,670.6011820411919,-0.0047997600159982,0,0
2024-04-24 00:00:00+00:00,667.3901695102531,-0.0373981301246533,0,0
2024-04-25 00:00:00+00:00,642.891973703568,0.0019999000066658,1,1
2024-04-26 00:00:00+00:00,644.1789798789335,-0.0270986450903234,0,0
2024-04-27 00:00:00+00:00,626.9570023382012,0.0158992050529941,1,1
2024-04-28 00:00:00+00:00,637.0047844925945,-0.0075996200253306,0,0
2024-04-29 00:00:00+00:00,632.1821385252266,0.007699615025664,0,0
2024-04-30 00:00:00+00:00,637.0684849710437,-0.0575971201919792,0,0
2024-05-01 00:00:00+00:00,601.411890261785,-0.0518974051729814,0,0
2024-05-02 00:00:00+00:00,570.9962465442386,0.039298035130986,1,1
2024-05-03 00:00:00+00:00,593.8820147626409,0.0584970751949789,1,1
2024-05-04 00:00:00+00:00,629.6585866150059,0.0013999300046661,1,1
2024-05-05 00:00:00+00:00,630.5406818548394,0.0175991200586602,1,1
2024-05-06 00:00:00+00:00,641.7358667636646,-0.0080995950269971,0,0
2024-05-07 00:00:00+00:00,636.5590594512943,-0.0184990750616598,0,0
2024-05-08 00:00:00+00:00,624.8915573595252,-0.0190990450636598,0,0
2024-05-09 00:00:00+00:00,613.0699751590308,0.0238988050796578,1,1
2024-05-10 00:00:00+00:00,627.8980964319118,-0.0316984151056552,0,0
2024-05-11 00:00:00+00:00,608.3068677707282,0.000999950003333,1,1
2024-05-12 00:00:00+00:00,608.915448449599,0.0067996600226642,1,1
2024-05-13 00:00:00+00:00,613.0699751590308,0.0233988300779915,1,1
2024-05-14 00:00:00+00:00,627.5842415464383,-0.020198990067326,0,0
2024-05-15 00:00:00+00:00,615.0348429496491,0.067896605226309,1,1
2024-05-16 00:00:00+00:00,658.2438969016495,-0.0071996400239974,0,0
2024-05-17 00:00:00+00:00,653.5217969034511,0.0223988800746585,1,1
2024-05-18 00:00:00+00:00,668.3251233156184,0.0010999450036663,1,1
2024-05-19 00:00:00+00:00,669.0606486403791,-0.0094995250316633,0,0
2024-05-20 00:00:00+00:00,662.7349832387778,0.0720963952403076,1,1
2024-05-21 00:00:00+00:00,712.2803485617972,-0.0159992000533275,0,0
2024-05-22 00:00:00+00:00,700.9751113006492,-0.008699565028997,0,0
2024-05-23 00:00:00+00:00,694.9033817328442,-0.0243987800813245,0,0
2024-05-24 00:00:00+00:00,678.153753110349,0.013099345043662,1,1
2024-05-25 00:00:00+00:00,687.0955611673677,0.0061996900206643,1,1
2024-05-26 00:00:00+00:00,691.3685726479945,9.999500033351934e-05,0,0
2024-05-27 00:00:00+00:00,691.4377095052594,-0.0059997000199979,1,1
2024-05-28 00:00:00+00:00,687.3017104492718,-0.0031998400106654,0,0
2024-05-29 00:00:00+00:00,685.1059698196483,-0.0138993050463283,0,0
2024-05-30 00:00:00+00:00,675.6493454532708,0.0118994050396623,1,1
2024-05-31 00:00:00+00:00,683.737195548089,-0.0144992750483281,0,0
2024-06-01 00:00:00+00:00,673.8950264724716,0.0047997600159982,0,1
2024-06-02 00:00:00+00:00,677.1373358042503,0.0072996350243306,1,1
2024-06-03 00:00:00+00:00,682.0982757138429,0.0107994600359962,1,1
2024-06-04 00:00:00+00:00,689.5044883506825,0.0297985100993225,1,1
2024-06-05 00:00:00+00:00,710.3598814396764,9.999500033329732e-05,1,1
2024-06-06 00:00:00+00:00,710.4309174278204,-0.0022998850076658,0,0
2024-06-07 00:00:00+00:00,708.7988854741391,-0.0225988700753251,0,0
2024-06-08 00:00:00+00:00,692.9604707525997,0.0006999650023331,1,1
2024-06-09 00:00:00+00:00,693.4456886280814,0.0036998150123319,1,1
2024-06-10 00:00:00+00:00,696.0160614169472,-0.0133993300446618,0,0
2024-06-11 00:00:00+00:00,686.7521164270747,-0.0230988450769916,0,0
2024-06-12 00:00:00+00:00,671.0707437183423,0.0156992150523276,1,1
2024-06-13 00:00:00+00:00,681.6891599508637,-0.0222988850743253,0,0
2024-06-14 00:00:00+00:00,666.6564806104969,-0.0082995850276636,0,0
2024-06-15 00:00:00+00:00,661.1464057620061,0.0003999800013333,0,0
2024-06-16 00:00:00+00:00,661.4109039957399,0.0065996700219975,1,1
2024-06-17 00:00:00+00:00,665.7904335398933,-0.0273986300913235,0,0
2024-06-18 00:00:00+00:00,647.7963204028713,0.0041997900139983,0,0
2024-06-19 00:00:00+00:00,650.5226499188398,0.0034998250116656,0,1
2024-06-20 00:00:00+00:00,652.8033540644016,-0.0070996450236641,0,0
2024-06-21 00:00:00+00:00,648.185095377518,-0.0118994050396624,0,0
2024-06-22 00:00:00+00:00,640.5177870619211,0.0064996750216643,1,1
2024-06-23 00:00:00+00:00,644.6945034690295,-0.0214989250716588,0,0
2024-06-24 00:00:00+00:00,630.982192767752,-0.0411979401373185,0,0
2024-06-25 00:00:00+00:00,605.5152214678238,0.0259987000866574,1,1
2024-06-26 00:00:00+00:00,621.4642588661856,-0.0180990950603268,0,0
2024-06-27 00:00:00+00:00,610.3174956160461,0.0170991450569937,1,1
2024-06-28 00:00:00+00:00,620.8431362759841,-0.0205989700686592,0,0
2024-06-29 00:00:00+00:00,608.1852246439472,0.0020998950069991,1,1
2024-06-30 00:00:00+00:00,609.4636916139216,0.0397980101326524,1,1
2024-07-01 00:00:00+00:00,634.2082601298123,-0.010399480034663,0,0
2024-07-02 00:00:00+00:00,627.6469999705929,-0.0198990050663261,0,0
2024-07-03 00:00:00+00:00,615.2808937913798,-0.0487975601626491,0,0
2024-07-04 00:00:00+00:00,585.9774697094198,-0.0261986900873238,0,0
2024-07-05 00:00:00+00:00,570.824981924341,-0.0121993900406622,0,0
2024-07-06 00:00:00+00:00,563.9035696685487,0.0300984951003225,1,1
2024-07-07 00:00:00+00:00,581.134226132651,-0.0593970301979787,0,0
2024-07-08 00:00:00+00:00,547.6217032435338,0.0346982651156541,1,1
2024-07-09 00:00:00+00:00,566.956732409756,0.0192990350643263,1,1
2024-07-10 00:00:00+00:00,578.004715068681,0.0082995850276637,0,0
2024-07-11 00:00:00+00:00,582.8218769182389,-0.0246987650823243,0,0
2024-07-12 00:00:00+00:00,568.6032108510849,0.0178991050596601,1,1
2024-07-13 00:00:00+00:00,578.8723293093059,0.0302984851009889,1,1
2024-07-14 00:00:00+00:00,596.6796897370033,0.0296985150989893,1,1
2024-07-15 00:00:00+00:00,614.6659511667623,0.0522973851743144,1,1
2024-07-16 00:00:00+00:00,647.6667805700895,0.0168991550563271,1,1
2024-07-17 00:00:00+00:00,658.7048058837397,-0.0210989450703256,0,0
2024-07-18 00:00:00+00:00,644.9524199546662,-0.0115994200386625,0,0
2024-07-19 00:00:00+00:00,637.5145667172048,0.0413979301379851,1,1
2024-07-20 00:00:00+00:00,664.4602498079962,0.0113994300379958,1,1
2024-07-21 00:00:00+00:00,672.0780547636294,0.0101994900339964,1,1
2024-07-22 00:00:00+00:00,678.9679853447859,-0.0068996550229976,0,0
2024-07-23 00:00:00+00:00,674.2994645860879,-0.023598820078658,0,0
2024-07-24 00:00:00+00:00,658.5730846810727,-0.0229988500766582,0,0
2024-07-25 00:00:00+00:00,643.5995085713259,0.0301984901006558,1,1
2024-07-26 00:00:00+00:00,663.3316833639648,0.0231988400773248,1,1
2024-07-27 00:00:00+00:00,678.9000953352523,0.0031998400106655,1,1
2024-07-28 00:00:00+00:00,681.075946354585,0.0074996250249973,0,0
2024-07-29 00:00:00+00:00,686.2029618823075,-0.0331983401106547,0,0
2024-07-30 00:00:00+00:00,663.7961548651919,-0.0023998800079991,0,0
2024-07-31 00:00:00+00:00,662.2050337572745,-0.029598520098656,0,0
2024-08-01 00:00:00+00:00,642.891973703568,0.007399630024664,1,1
2024-08-02 00:00:00+00:00,647.6667805700895,-0.0576971151923125,0,0
2024-08-03 00:00:00+00:00,611.3558658055485,-0.0094995250316632,0,0
2024-08-04 00:00:00+00:00,605.5757729899707,-0.1027948603426297,0,0
2024-08-05 00:00:00+00:00,546.4183198716134,0.0216989150723257,1,1
2024-08-06 00:00:00+00:00,558.4045786945237,0.018899055062993,1,1
2024-08-07 00:00:00+00:00,569.0582526605104,-0.0017999100059992,0,0
2024-08-08 00:00:00+00:00,568.0349202469478,0.0771961402573054,1,1
2024-08-09 00:00:00+00:00,613.6219588933706,-0.0122993850409956,0,0
2024-08-10 00:00:00+00:00,606.1210092438158,0.0075996200253305,1,1
2024-08-11 00:00:00+00:00,610.7448460510146,-0.0424978751416511,0,0
2024-08-12 00:00:00+00:00,585.3332810703387,0.0189990500633265,1,1
2024-08-13 00:00:00+00:00,596.5603716970602,0.0167991600559938,1,1
2024-08-14 00:00:00+00:00,606.6667364066203,-0.0378981051263196,0,0
2024-08-15 00:00:00+00:00,584.1054322639667,-0.0184990750616598,0,0
2024-08-16 00:00:00+00:00,573.3993536188399,0.0310984451036554,1,1
2024-08-17 00:00:00+00:00,591.5113497256688,0.0055997200186646,1,1
2024-08-18 00:00:00+00:00,594.8329389773608,-0.0169991500566607,0,1
2024-08-19 00:00:00+00:00,584.8067444208008,0.0343982801146543,1,1
2024-08-20 00:00:00+00:00,605.2730759186508,-0.024198790080658,0,0
2024-08-21 00:00:00+00:00,590.8019972696213,0.0306984651023224,1,1
2024-08-22 00:00:00+00:00,609.2199670714581,-0.0023998800079992,0,0
2024-08-23 00:00:00+00:00,607.7596652274846,0.0477976101593161,1,1
2024-08-24 00:00:00+00:00,637.5145667172048,0.0054997250183313,1,1
2024-08-25 00:00:00+00:00,641.0303806724245,-0.0021998900073324,0,0
2024-08-26 00:00:00+00:00,639.6217343451734,-0.0168991550563273,0,0
2024-08-27 00:00:00+00:00,628.9034872156557,-0.057897105192979,0,0
2024-08-28 00:00:00+00:00,593.5258102357565,-0.0056997150189978,0,0
2024-08-29 00:00:00+00:00,590.1525048330328,0.0011999400039995,1,1
2024-08-30 00:00:00+00:00,590.8610774693483,0.0010999450036663,0,0
2024-08-31 00:00:00+00:00,591.5113497256688,-0.004399780014665,0,0
2024-09-01 00:00:00+00:00,588.9145467806364,-0.0271986400906569,0,0
2024-09-02 00:00:00+00:00,573.1127399318685,0.0317984101059887,1,1
2024-09-03 00:00:00+00:00,591.6296579107274,-0.0430978451436512,0,0
2024-09-04 00:00:00+00:00,566.6733390672215,0.0237988100793248,1,1
2024-09-05 00:00:00+00:00,580.3212480817058,-0.028998550096656,0,0
2024-09-06 00:00:00+00:00,563.7344324262242,-0.0466976651556498,0,0
2024-09-07 00:00:00+00:00,538.0145535254218,0.0059997000199978,1,1
2024-09-08 00:00:00+00:00,541.2521821412943,0.017199140057327,1,1
2024-09-09 00:00:00+00:00,550.6417691792175,0.0311984401039888,1,1
2024-09-10 00:00:00+00:00,568.0917237389724,0.0004999750016664,1,1
2024-09-11 00:00:00+00:00,568.3758264156954,0.0196990150656595,1,1
2024-09-12 00:00:00+00:00,579.6832775549259,0.000999950003333,0,0
2024-09-13 00:00:00+00:00,580.2632217595299,0.0397980101326524,1,1
2024-09-14 00:00:00+00:00,603.8222347830256,-0.0058997050196645,0,0
2024-09-15 00:00:00+00:00,600.2703495534411,-0.0258987050863239,0,0
2024-09-16 00:00:00+00:00,584.9237116177525,-0.013099345043662,0,0
2024-09-17 00:00:00+00:00,577.3115600439615,0.0404979751349855,1,1
2024-09-18 00:00:00+00:00,601.1713856348431,0.0267986600893236,1,1
2024-09-19 00:00:00+00:00,617.4997856753916,0.0178991050596601,1,1
2024-09-20 00:00:00+00:00,628.6519886985424,0.0010999450036661,1,1
2024-09-21 00:00:00+00:00,629.3438517484527,0.0032998350109989,1,1
2024-09-22 00:00:00+00:00,631.4240128310365,0.0077996100259972,0,0
2024-09-23 00:00:00+00:00,636.3681299206379,-0.0127993600426621,0,0
2024-09-24 00:00:00+00:00,628.2749294870442,0.0249987500833243,1,1
2024-09-25 00:00:00+00:00,644.1789798789335,-0.0247987600826577,0,0
2024-09-26 00:00:00+00:00,628.4005907556909,0.034298285114321,1,1
2024-09-27 00:00:00+00:00,650.3275321487189,0.0096995150323299,1,1
2024-09-28 00:00:00+00:00,656.6660845704969,-0.0005999700019998,0,0
2024-09-29 00:00:00+00:00,656.2722227828673,-0.0118994050396624,1,1
2024-09-30 00:00:00+00:00,648.5092527501984,-0.0242987850809911,0,0
2024-10-01 00:00:00+00:00,632.9411744707796,-0.0333983301113212,0,0
2024-10-02 00:00:00+00:00,612.1511054635625,-0.0053997300179982,0,0
2024-10-03 00:00:00+00:00,608.8545629932996,0.0027998600093324,1,1
2024-10-04 00:00:00+00:00,610.5616592357836,0.0165991700553272,1,1
2024-10-05 00:00:00+00:00,620.7810581701671,-0.0034998250116654,0,0
2024-10-06 00:00:00+00:00,618.6122305683481,0.02819859009399,1,1
2024-10-07 00:00:00+00:00,636.3044994706909,-0.0195990200653263,0,1
2024-10-08 00:00:00+00:00,623.9549694686197,-0.004399780014665,0,0
2024-10-09 00:00:00+00:00,621.2157352966378,-0.0259987000866572,0,0
2024-10-10 00:00:00+00:00,605.2730759186508,-0.0019999000066658,0,0
2024-10-11 00:00:00+00:00,604.0637999086882,0.037698115125653,1,1
2024-10-12 00:00:00+00:00,627.2705435413403,0.0034998250116654,1,1
2024-10-13 00:00:00+00:00,629.469726812241,-0.0063996800213312,0,0
2024-10-14 00:00:00+00:00,625.454184774608,0.0516974151723148,1,1
2024-10-15 00:00:00+00:00,658.6389419895409,0.0205989700686592,1,1
2024-10-16 00:00:00+00:00,672.3469263129065,0.0057997100193311,1,1
2024-10-17 00:00:00+00:00,676.2576731547061,0.0039998000133319,0,0
2024-10-18 00:00:00+00:00,678.9679853447859,0.0047997600159982,1,1
2024-10-19 00:00:00+00:00,682.2347021899684,-0.001399930004666,0,0
2024-10-20 00:00:00+00:00,681.2802895714508,0.0154992250516611,1,1
2024-10-21 00:00:00+00:00,691.9218611280347,-0.0286985650956564,0,0
2024-10-22 00:00:00+00:00,672.3469263129065,-9.99950003332139e-05,0,0
2024-10-23 00:00:00+00:00,672.2796983430723,-0.0020998950069993,0,0
2024-10-24 00:00:00+00:00,670.8694627527617,0.0114994250383291,1,1
2024-10-25 00:00:00+00:00,678.6286031735522,-0.0207989600693258,0,0
2024-10-26 00:00:00+00:00,664.6596078174105,0.0079996000266638,1,1
2024-10-27 00:00:00+00:00,669.9979426372709,0.0108994550363293,1,1
2024-10-28 00:00:00+00:00,677.3404973197887,0.0503974801679819,1,1
2024-10-29 00:00:00+00:00,712.3515765966533,0.0142992850476613,1,1
2024-10-30 00:00:00+00:00,722.6108703183796,-0.0009999500033329,0,0
2024-10-31 00:00:00+00:00,721.8886567251172,-0.0421978901406515,0,0
2024-11-01 00:00:00+00:00,692.0602524194788,0.0050997450169983,0,1
2024-11-02 00:00:00+00:00,695.5985979045018,-0.0227988600759917,0,0
2024-11-03 00:00:00+00:00,679.9191586323475,0.0138993050463281,1,1
2024-11-04 00:00:00+00:00,689.4355447962029,-0.0179991000599935,0,0
2024-11-05 00:00:00+00:00,677.1373358042503,0.0763961802546391,1,1
2024-11-06 00:00:00+00:00,730.8953518513177,0.0295985200986559,1,1
2024-11-07 00:00:00+00:00,752.8521134857195,0.0071996400239976,1,1
2024-11-08 00:00:00+00:00,758.2919365804951,0.0058997050196645,1,1
2024-11-09 00:00:00+00:00,762.7788580672168,0.0112994350376624,1,1
2024-11-10 00:00:00+00:00,771.4467068957106,0.0523973801746478,1,1
2024-11-11 00:00:00+00:00,812.9462322234233,0.0727963602426403,1,1
2024-11-12 00:00:00+00:00,874.3330197783346,0.000999950003333,1,1
2024-11-13 00:00:00+00:00,875.2077463529101,0.0268986550896569,1,1
2024-11-14 00:00:00+00:00,899.0691386336961,-0.0220988950736586,0,0
2024-11-15 00:00:00+00:00,879.4186310334204,0.0370981451236534,1,1
2024-11-16 00:00:00+00:00,912.6561441731292,-0.0181990900606603,0,0
2024-11-17 00:00:00+00:00,896.1968590997949,0.009799510032663,1,1
2024-11-18 00:00:00+00:00,905.0223211879834,0.0036998150123319,1,1
2024-11-19 00:00:00+00:00,908.3769382630423,0.0118994050396621,1,1
2024-11-20 00:00:00+00:00,919.2506504270532,0.023798810079325,1,1
2024-11-21 00:00:00+00:00,941.390123688995,0.0417979101393181,1,1
2024-11-22 00:00:00+00:00,981.5721765161426,0.0004999750016664,1,1
2024-11-23 00:00:00+00:00,982.0630607714344,-0.001399930004666,0,0
2024-11-24 00:00:00+00:00,980.6892031028468,-0.0062996850209978,0,0
2024-11-25 00:00:00+00:00,974.5305890517152,-0.031998400106655,0,0
2024-11-26 00:00:00+00:00,943.8407999775104,-0.0197990100659927,0,0
2024-11-27 00:00:00+00:00,925.3374647775672,0.0361981901206534,1,1
2024-11-28 00:00:00+00:00,959.4466268395256,0.0052997350176647,0,1
2024-11-29 00:00:00+00:00,964.5449376404116,0.0004999750016662,1,0
2024-11-30 00:00:00+00:00,965.0273065733712,-0.0059997000199976,0,0
2024-12-01 00:00:00+00:00,959.2547662937192,0.0178991050596601,1,1
2024-12-02 00:00:00+00:00,976.5791510996698,-0.0194990250649931,0,0
2024-12-03 00:00:00+00:00,957.7212624717512,-0.0045997700153316,0,0
2024-12-04 00:00:00+00:00,953.3260810867536,0.0551972401839801,1,1
2024-12-05 00:00:00+00:00,1007.4264090728366,-0.0321983901073217,0,0
2024-12-06 00:00:00+00:00,975.505558296496,0.023198840077325,1,1
2024-12-07 00:00:00+00:00,998.4006992836148,-0.0001999900006666,0,0
2024-12-08 00:00:00+00:00,998.201049091786,-0.0061996900206643,0,0
2024-12-09 00:00:00+00:00,992.031655932351,-0.0239988000799914,0,0
2024-12-10 00:00:00+00:00,968.5074914450496,0.0008999550029999,1,1
2024-12-11 00:00:00+00:00,969.379496931414,0.0436978151456506,1,1
2024-12-12 00:00:00+00:00,1012.6784071656224,-0.019599020065326,0,0
2024-12-13 00:00:00+00:00,993.0241341215932,0.0237988100793246,1,1
2024-12-14 00:00:00+00:00,1016.940387273695,-0.0022998850076658,0,0
2024-12-15 00:00:00+00:00,1014.6042288009912,0.0284985750949897,1,1
2024-12-16 00:00:00+00:00,1043.9349605391662,0.0146992650489944,1,1
2024-12-17 00:00:00+00:00,1059.393372527049,-0.0082995850276635,0,0
2024-12-18 00:00:00+00:00,1050.6372335763356,-0.0037998100126652,0,0
2024-12-19 00:00:00+00:00,1046.6525869409818,-0.0750962452503063,0,0
2024-12-20 00:00:00+00:00,970.9316679249292,0.0008999550029996,0,0
2024-12-21 00:00:00+00:00,971.8058560430326,-0.0058997050196645,0,0
2024-12-22 00:00:00+00:00,966.089367534882,-0.0260986950869906,0,0
2024-12-23 00:00:00+00:00,941.2018739021958,-0.0046997650156649,0,0
2024-12-24 00:00:00+00:00,936.788824532944,0.0422978851409847,1,1
2024-12-25 00:00:00+00:00,977.2629616212448,0.0074996250249973,1,1
2024-12-26 00:00:00+00:00,984.6196189892202,-0.0282985850943231,0,0
2024-12-27 00:00:00+00:00,957.146830782113,-0.0166991650556606,0,0
2024-12-28 00:00:00+00:00,941.295994089586,0.0074996250249973,1,1
2024-12-29 00:00:00+00:00,948.3818986846776,-0.0143992800479948,0,0
2024-12-30 00:00:00+00:00,934.8237303255517,-0.0143992800479949,0,0
2024-12-31 00:00:00+00:00,921.4593909814135,0.0136993150456618,1,1
2025-01-01 00:00:00+00:00,934.1696153864629,0.0131993400439953,1,1
2025-01-02 00:00:00+00:00,946.58177374213,0.0207989600693256,1,1
2025-01-03 00:00:00+00:00,966.4758612511224,0.0119994000399956,1,1
2025-01-04 00:00:00+00:00,978.1428501834724,0.0028998550096658,0,1
2025-01-05 00:00:00+00:00,980.9834392854344,0.0053997300179978,1,1
2025-01-06 00:00:00+00:00,986.2948120939592,0.0303984801013225,1,1
2025-01-07 00:00:00+00:00,1016.7370297003846,-0.0495975201653156,0,0
2025-01-08 00:00:00+00:00,967.5395164197224,-0.0240987950803244,0,0
2025-01-09 00:00:00+00:00,944.5016867771004,-0.0099995000333299,0,0
2025-01-10 00:00:00+00:00,935.104205490296,0.0088995550296635,1,1
2025-01-11 00:00:00+00:00,943.463358022726,0.0005999700019998,1,1
2025-01-12 00:00:00+00:00,944.029577575914,-0.0035998200119988,0,0
2025-01-13 00:00:00+00:00,940.6373503775526,0.007799610025997,1,1
2025-01-14 00:00:00+00:00,948.0026407444292,0.0202989850676594,1,1
2025-01-15 00:00:00+00:00,967.4427721425084,0.0284985750949895,1,1
2025-01-16 00:00:00+00:00,995.4101348010312,0.0129993500433285,1,1
2025-01-17 00:00:00+00:00,1008.4342889447056,0.0317984101059885,1,1
2025-01-18 00:00:00+00:00,1041.016176790503,0.0055997200186648,1,1
2025-01-19 00:00:00+00:00,1046.8619279248958,-0.0296985150989893,0,0
2025-01-20 00:00:00+00:00,1016.2288136605102,0.0038998050129987,1,1
2025-01-21 00:00:00+00:00,1020.1996455849746,0.0341982901139876,1,1
2025-01-22 00:00:00+00:00,1055.692161677779,-0.0303984801013223,0,0
2025-01-23 00:00:00+00:00,1024.0835848556455,0.0080995950269968,1,1
2025-01-24 00:00:00+00:00,1032.4119297465795,0.012699365042329,1,1
2025-01-25 00:00:00+00:00,1045.606509782775,0.0005999700019998,0,1
2025-01-26 00:00:00+00:00,1046.2340305505347,-0.034998250116654,0,0
2025-01-27 00:00:00+00:00,1010.2510143924592,0.0090995450303299,1,1
2025-01-28 00:00:00+00:00,1019.4857914032906,-0.003099845010332,0,0
2025-01-29 00:00:00+00:00,1016.3304365418765,0.0229988500766582,1,1
2025-01-30 00:00:00+00:00,1039.9757329436611,0.0032998350109987,1,1
2025-01-31 00:00:00+00:00,1043.4131496126104,-0.0185990700619933,0,0
2025-02-01 00:00:00+00:00,1024.185993214131,-0.016499175054994,0,0
2025-02-02 00:00:00+00:00,1007.4264090728366,-0.068296585227642,0,0
2025-02-03 00:00:00+00:00,940.919569802727,0.0728963552429736,1,1
2025-02-04 00:00:00+00:00,1012.0710127270914,-0.0331983401106546,0,0
2025-02-05 00:00:00+00:00,979.02353096224,-0.0081995900273303,0,0
2025-02-06 00:00:00+00:00,971.0287610917218,0.0022998850076659,1,1
2025-02-07 00:00:00+00:00,973.2645856655502,-0.0084995750283304,0,0
2025-02-08 00:00:00+00:00,965.0273065733712,0.0010999450036663,1,1
2025-02-09 00:00:00+00:00,966.089367534882,-0.0097995100326631,0,0
2025-02-10 00:00:00+00:00,956.6684009052532,0.0199990000666593,1,1
2025-02-11 00:00:00+00:00,975.9934086359556,-0.0203989800679926,0,0
2025-02-12 00:00:00+00:00,956.2858291926012,0.0191990400639931,1,1
2025-02-13 00:00:00+00:00,974.822977465323,-0.0092995350309966,0,0
2025-02-14 00:00:00+00:00,965.7995986803242,0.0090995450303299,1,1
2025-02-15 00:00:00+00:00,974.6280421106204,-0.0002999850009998,0,0
2025-02-16 00:00:00+00:00,974.335712165925,-0.0118994050396625,0,0
2025-02-17 00:00:00+00:00,962.810405025498,-0.0040997950136649,0,0
2025-02-18 00:00:00+00:00,958.8711602934966,-0.0050997450169982,0,0
2025-02-19 00:00:00+00:00,953.993609575361,0.0146992650489947,1,1
2025-02-20 00:00:00+00:00,968.120185279854,0.0131993400439953,1,1
2025-02-21 00:00:00+00:00,980.9834392854344,-0.0205989700686593,0,0
2025-02-22 00:00:00+00:00,960.9828933158856,0.0041997900139983,1,1
2025-02-23 00:00:00+00:00,965.0273065733712,-0.0051997400173312,0,0
2025-02-24 00:00:00+00:00,960.0224387518136,-0.0398980051329856,0,0
2025-02-25 00:00:00+00:00,922.4735032662294,-0.0393980301313191,0,0
2025-02-26 00:00:00+00:00,886.8364880320588,-0.0506974651689818,0,0
2025-02-27 00:00:00+00:00,842.9967961452918,-0.0452977351509836,0,0
2025-02-28 00:00:00+00:00,805.6629044287481,0.0558972051863133,1,1
2025-03-01 00:00:00+00:00,851.9796380067088,0.0056997150189978,1,1
2025-03-02 00:00:00+00:00,856.849544500983,0.0830958452769701,1,1
2025-03-03 00:00:00+00:00,931.0920902385886,-0.103294835344296,0,0
2025-03-04 00:00:00+00:00,839.7156750384172,0.0398980051329856,1,1
2025-03-05 00:00:00+00:00,873.895984387803,0.047397630157983,1,1
2025-03-06 00:00:00+00:00,916.3138964931352,-0.0482975851609826,0,0
2025-03-07 00:00:00+00:00,873.1098711108974,-0.015799210052661,0,0
2025-03-08 00:00:00+00:00,859.4238239111628,0.0018999050063326,0,0
2025-03-09 00:00:00+00:00,861.0581996244476,-0.0455977201519835,0,0
2025-03-10 00:00:00+00:00,822.6775925889976,-0.0396980151323191,0,0
2025-03-11 00:00:00+00:00,790.6586736933476,0.0404979751349855,1,1
2025-03-12 00:00:00+00:00,823.3359650588703,0.0173991300579937,1,1
2025-03-13 00:00:00+00:00,837.7866446710008,-0.0235988200786581,0,0
2025-03-14 00:00:00+00:00,818.2473275791035,0.028298585094323,1,1
2025-03-15 00:00:00+00:00,841.7333119742494,-0.0037998100126653,0,1
2025-03-16 00:00:00+00:00,838.5409543247813,-0.0107994600359961,0,0
2025-03-17 00:00:00+00:00,829.5338880658172,0.0015999200053328,1,1
2025-03-18 00:00:00+00:00,830.8621381920781,-0.0052997350176647,0,0
2025-03-19 00:00:00+00:00,826.4704367296719,0.0364981751216535,1,1
2025-03-20 00:00:00+00:00,857.1923357331835,-0.015799210052661,0,0
2025-03-21 00:00:00+00:00,843.7557968114915,-0.0030998450103322,0,0
2025-03-22 00:00:00+00:00,841.144334270507,-0.0025998700086657,0,0
2025-03-23 00:00:00+00:00,838.9603086644249,0.0210989450703257,1,1
2025-03-24 00:00:00+00:00,856.849544500983,0.0131993400439951,1,1
2025-03-25 00:00:00+00:00,868.2343637652315,0.0069996500233308,0,1
2025-03-26 00:00:00+00:00,874.3330197783346,-0.0010999450036662,0,0
2025-03-27 00:00:00+00:00,873.3718302663999,-0.0027998600093324,0,0
2025-03-28 00:00:00+00:00,870.9299314881417,-0.0360981951203203,0,0
2025-03-29 00:00:00+00:00,840.051611694732,-0.0155992200519943,0,0
2025-03-30 00:00:00+00:00,827.0491396231037,-0.0095995200319964,0,0
2025-03-31 00:00:00+00:00,819.1478498105084,0.0067996600226642,1,1
2025-04-01 00:00:00+00:00,824.7367564964472,0.0302984851009891,1,1
2025-04-02 00:00:00+00:00,850.1074365882488,-0.0175991200586603,0,0
2025-04-03 00:00:00+00:00,835.27717629289,-0.0096995150323298,0,0
2025-04-04 00:00:00+00:00,827.2145577215197,0.0152992350509944,1,1
2025-04-05 00:00:00+00:00,839.9676149332387,-0.0074996250249973,0,0
2025-04-06 00:00:00+00:00,833.6917355742606,-0.0569971501899794,0,0
2025-04-07 00:00:00+00:00,787.5025133326862,0.023598820078658,1,1
2025-04-08 00:00:00+00:00,806.307660383027,-0.0609969502033112,0,0
2025-04-09 00:00:00+00:00,758.5952988556767,0.0821958902739703,1,1
2025-04-10 00:00:00+00:00,823.5829905492902,-0.0271986400906568,0,0
2025-04-11 00:00:00+00:00,801.4845394043263,0.0392980351309858,1,1
2025-04-12 00:00:00+00:00,833.608374736787,0.0239988000799914,1,1
2025-04-13 00:00:00+00:00,853.8559625959592,-0.0124993750416622,0,0
2025-04-14 00:00:00+00:00,843.2497204748822,0.0053997300179982,1,1
2025-04-15 00:00:00+00:00,847.8153568116068,-0.0166991650556606,0,0
2025-04-16 00:00:00+00:00,833.7751047478181,0.010099495033663,1,1
2025-04-17 00:00:00+00:00,842.2384782382667,0.0076996150256638,1,1
2025-04-18 00:00:00+00:00,848.7484201424631,-0.0039998000133318,0,0
2025-04-19 00:00:00+00:00,845.3603764657722,0.007099645023664,1,1
2025-04-20 00:00:00+00:00,851.3834907428544,0.0228988550763249,0,0
2025-04-21 00:00:00+00:00,871.1041261837387,0.0153992300513277,1,1
2025-04-22 00:00:00+00:00,884.622276438383,0.0487975601626492,1,1
2025-04-23 00:00:00+00:00,928.8602600790808,0.0051997400173311,1,1
2025-04-24 00:00:00+00:00,933.7026706715224,0.005399730017998,1,0
2025-04-25 00:00:00+00:00,938.7580495674844,0.0107994600359962,1,1
2025-04-26 00:00:00+00:00,948.951070100142,-0.0058997050196642,0,0
2025-04-27 00:00:00+00:00,943.369021120614,-0.0131993400439953,0,0
2025-04-28 00:00:00+00:00,930.9989903395548,0.0209989500699924,1,1
2025-04-29 00:00:00+00:00,950.7557007595636,-0.0079996000266637,0,0
2025-04-30 00:00:00+00:00,943.1803756136874,0.0005999700019998,1,0
2025-05-01 00:00:00+00:00,943.746425334977,0.0255987200853241,1,1
2025-05-02 00:00:00+00:00,968.216997298382,-0.0010999450036662,0,0
2025-05-03 00:00:00+00:00,967.152597347759,-0.008399580027997,0,0
2025-05-04 00:00:00+00:00,959.0629441142668,-0.0207989600693257,0,0
2025-05-05 00:00:00+00:00,939.321445229709,0.0065996700219977,0,1
2025-05-06 00:00:00+00:00,945.5411582643568,0.0290985450969894,1,1
2025-05-07 00:00:00+00:00,973.4592483153292,0.0056997150189978,1,1
2025-05-08 00:00:00+00:00,979.02353096224,0.0484975751616491,1,1
2025-05-09 00:00:00+00:00,1027.6739774079622,0.0026998650089989,1,1
2025-05-10 00:00:00+00:00,1030.4523072903748,0.0110994450369961,1,1
2025-05-11 00:00:00+00:00,1041.9534662028968,-0.0011999400039994,1,1
2025-05-12 00:00:00+00:00,1040.7039343880283,-0.0165991700553275,0,0
2025-05-13 00:00:00+00:00,1023.5716966399197,0.0150992450503276,1,1
2025-05-14 00:00:00+00:00,1039.144126623807,-0.0059997000199977,0,0
2025-05-15 00:00:00+00:00,1032.9282389629705,0.0044997750149985,1,1
2025-05-16 00:00:00+00:00,1037.5866567005237,-0.0083995800279972,1,0
2025-05-17 00:00:00+00:00,1028.9078646718158,0.0021998900073327,1,1
2025-05-18 00:00:00+00:00,1031.173840336532,0.0173991300579939,1,1
2025-05-19 00:00:00+00:00,1049.2723607747205,0.0129993500433283,1,1
2025-05-20 00:00:00+00:00,1063.0012595347864,0.0037998100126651,1,1
2025-05-21 00:00:00+00:00,1067.0481461952031,0.0284985750949897,1,1
2025-05-22 00:00:00+00:00,1097.894955265528,0.0131993400439951,1,1
2025-05-23 00:00:00+00:00,1112.4825053401537,-0.0348982551163206,0,0
2025-05-24 00:00:00+00:00,1074.3284345092952,0.0009999500033332,1,1
2025-05-25 00:00:00+00:00,1075.403246520542,0.0167991600559938,0,0
2025-05-26 00:00:00+00:00,1093.6217168293622,-0.0107994600359961,0,0
2025-05-27 00:00:00+00:00,1081.8747374899262,0.0063996800213309,1,1
2025-05-28 00:00:00+00:00,1088.82059154862,-0.0089995500299969,0,0
2025-05-29 00:00:00+00:00,1079.0656570111275,-0.0220988950736589,0,0
2025-05-30 00:00:00+00:00,1055.481054911986,-0.0186990650623264,0,0
2025-05-31 00:00:00+00:00,1035.9279283213873,0.0070996450236642,1,1
2025-06-01 00:00:00+00:00,1043.3088187307374,0.0112994350376624,1,1
2025-06-02 00:00:00+00:00,1055.1644739138226,0.0062996850209977,0,0
2025-06-03 00:00:00+00:00,1061.8326594262176,-0.0067996600226641,1,0
2025-06-04 00:00:00+00:00,1054.6370499146135,-0.0055997200186645,0,0
2025-06-05 00:00:00+00:00,1048.74788194847,-0.0308984551029887,0,0
2025-06-06 00:00:00+00:00,1016.8387034033548,0.0254987250849907,1,1
2025-06-07 00:00:00+00:00,1043.100188262083,0.0125993700419954,1,1
2025-06-08 00:00:00+00:00,1056.3257353497254,0.0015999200053324,1,1
2025-06-09 00:00:00+00:00,1058.0171247089015,0.038598070128653,1,1
2025-06-10 00:00:00+00:00,1099.65290528292,-0.000699965002333,0,0
2025-06-11 00:00:00+00:00,1098.883456059688,-0.0131993400439953,0,0
2025-06-12 00:00:00+00:00,1084.4742250250415,-0.0454977251516498,0,0
2025-06-13 00:00:00+00:00,1036.2387377787577,0.020298985067659,1,1
2025-06-14 00:00:00+00:00,1057.4882748120929,-0.0034998250116653,0,0
2025-06-15 00:00:00+00:00,1053.7937198174982,0.001699915005666,0,0
2025-06-16 00:00:00+00:00,1055.5866030174773,0.0136993150456616,1,1
2025-06-17 00:00:00+00:00,1070.146921936172,-0.0203989800679925,0,0
2025-06-18 00:00:00+00:00,1048.5381638303222,-0.0004999750016661,0,0
2025-06-19 00:00:00+00:00,1048.0140519924405,-0.002599870008666,0,0
2025-06-20 00:00:00+00:00,1045.2928905557762,-0.0122993850409955,0,0
2025-06-21 00:00:00+00:00,1032.5151709395543,-0.0083995800279969,0,0
2025-06-22 00:00:00+00:00,1023.878798857086,-0.0140992950469948,0,0
2025-06-23 00:00:00+00:00,1009.5441214678286,0.0415979201386518,1,1
2025-06-24 00:00:00+00:00,1052.4247464547364,0.0089995500299968,1,1
2025-06-25 00:00:00+00:00,1061.9388426921605,0.0122993850409953,1,1
2025-06-26 00:00:00+00:00,1075.0806900600282,-0.0061996900206646,0,0
2025-06-27 00:00:00+00:00,1068.4361413880629,0.0006999650023331,0,1
2025-06-28 00:00:00+00:00,1069.1842710960232,0.0035998200119988,1,1
2025-06-29 00:00:00+00:00,1073.0400779731542,0.011799410039329,1,1
2025-06-30 00:00:00+00:00,1085.7763100866982,-0.012099395040329,0,0
2025-07-01 00:00:00+00:00,1072.718230321438,-0.0172991350576607,0,0
2025-07-02 00:00:00+00:00,1054.320722067317,0.0335983201119882,1,1
2025-07-03 00:00:00+00:00,1090.345931599966,0.005399730017998,1,1
2025-07-04 00:00:00+00:00,1096.2494295603435,-0.015499225051661,0,0
2025-07-05 00:00:00+00:00,1079.3894090812796,0.0011999400039993,1,1
2025-07-06 00:00:00+00:00,1080.685389006706,0.0082995850276637,1,1
2025-07-07 00:00:00+00:00,1089.691952952606,-0.0092995350309966,0,0
2025-07-08 00:00:00+00:00,1079.60529775699,0.0073996300246638,1,1
2025-07-09 00:00:00+00:00,1087.6236072082131,0.0209989500699926,1,1
2025-07-10 00:00:00+00:00,1110.7040454004623,0.0407979601359852,1,1
2025-07-11 00:00:00+00:00,1156.9555735764818,0.0139993000466616,1,1
2025-07-12 00:00:00+00:00,1173.2660429924388,-0.0010999450036664,0,0
2025-07-13 00:00:00+00:00,1171.9762243652988,0.0145992700486614,1,1
2025-07-14 00:00:00+00:00,1189.2117285168806,-0.0030998450103323,1,1
2025-07-15 00:00:00+00:00,1185.531064165824,-0.0082995850276637,0,0
2025-07-16 00:00:00+00:00,1175.732367102559,0.0029998500099989,1,1
2025-07-17 00:00:00+00:00,1179.2646834163604,0.0201989900673261,1,1
2025-07-18 00:00:00+00:00,1203.3268365333015,-0.0216989150723254,0,0
2025-07-19 00:00:00+00:00,1177.497200707317,-9.999500033332494e-05,0,0
2025-07-20 00:00:00+00:00,1177.379462761041,-0.005699715018998,1,1
2025-07-21 00:00:00+00:00,1170.6878236877374,0.0041997900139985,0,0
2025-07-22 00:00:00+00:00,1175.614805621997,0.0177991100593268,1,1
2025-07-23 00:00:00+00:00,1196.7270350073018,-0.0083995800279968,0,0
2025-07-24 00:00:00+00:00,1186.7171288612574,-0.0096995150323298,1,1
2025-07-25 00:00:00+00:00,1175.2621917054444,-0.0028998550096655,0,0
2025-07-26 00:00:00+00:00,1171.8590384614529,0.0059997000199975,1,1
2025-07-27 00:00:00+00:00,1178.9109747554255,0.0114994250383293,1,1
